{"0": {"avg_temp": -0.464, "temp_delta": 2.73}, "1": {"avg_temp": 3.947, "avg_prec": 842.442, "days_above_30": 1.531, "days_below_min_25": 3.357, "temp_delta": 1.0470000000000002}, "2": {"avg_temp": 1.538, "avg_prec": 985.958, "days_above_30": 2.069, "days_below_min_25": 34.355, "temp_delta": 1.838}, "3": {"avg_temp": 3.265, "avg_prec": 990.139, "days_above_30": 2.766, "days_below_min_25": 15.936, "temp_delta": 0.8650000000000002}, "4": {"avg_temp": 3.465, "avg_prec": 883.477, "days_above_30": 5.942, "days_below_min_25": 22.476, "temp_delta": 1.065}, "5": {"avg_temp": 5.6, "avg_prec": 952.439, "days_above_30": 5.296, "days_below_min_25": 4.606, "temp_delta": 0.1999999999999993}, "6": {"avg_temp": 7.957, "avg_prec": 803.508, "days_above_30": 24.409, "days_below_min_25": 1.273, "temp_delta": 0.657}, "7": {"avg_temp": 5.162, "avg_prec": 910.774, "days_above_30": 13.405, "days_below_min_25": 13.867, "temp_delta": 0.8620000000000001}, "8": {"avg_temp": 3.68, "avg_prec": 943.659, "days_above_30": 11.251, "days_below_min_25": 23.16, "temp_delta": 1.2800000000000002}, "11": {"avg_temp": 3.704, "avg_prec": 859.695, "days_above_30": 1.183, "days_below_min_25": 2.034, "temp_delta": 1.3040000000000003}, "12": {"avg_temp": 5.011, "avg_prec": 909.577, "days_above_30": 4.303, "days_below_min_25": 7.169, "temp_delta": 0.5110000000000001}, "14": {"avg_temp": 4.349, "avg_prec": 919.769, "days_above_30": 919.769, "days_below_min_25": 18.625, "temp_delta": 0.7490000000000001}, "15": {"avg_temp": 4.537, "avg_prec": 971.526, "days_above_30": 9.328, "days_below_min_25": 18.883, "temp_delta": 1.3369999999999997}, "16": {"avg_temp": 7.396, "avg_prec": 854.518, "days_above_30": 18.345, "days_below_min_25": 4.281, "temp_delta": 0.29600000000000026}, "17": {"avg_temp": 6.306, "avg_prec": 868.845, "days_above_30": 10.108, "days_below_min_25": 7.911, "temp_delta": 0.6059999999999999}}