{"0": {"avg_temp": -1.007, "temp_delta": 2.1870000000000003}, "1": {"avg_temp": 3.208, "avg_prec": 1157.168, "days_above_30": 2.205, "days_below_min_25": 10.178, "temp_delta": 0.3080000000000003}, "2": {"avg_temp": 0.826, "avg_prec": 572.893, "days_above_30": 6.708, "days_below_min_25": 42.717, "temp_delta": 1.126}, "3": {"avg_temp": 2.636, "avg_prec": 1309.163, "days_above_30": 2.211, "days_below_min_25": 22.14, "temp_delta": 0.2360000000000002}, "4": {"avg_temp": 2.988, "avg_prec": 973.725, "days_above_30": 11.258, "days_below_min_25": 36.679, "temp_delta": 0.5880000000000001}, "5": {"avg_temp": 5.222, "avg_prec": 1314.595, "days_above_30": 4.211, "days_below_min_25": 9.315, "temp_delta": -0.17799999999999994}, "6": {"avg_temp": 7.377, "avg_prec": 1207.628, "days_above_30": 23.909, "days_below_min_25": 5.227, "temp_delta": 0.07699999999999996}, "7": {"avg_temp": 4.842, "avg_prec": 865.355, "days_above_30": 19.026, "days_below_min_25": 21.314, "temp_delta": 0.5419999999999998}, "8": {"avg_temp": 3.337, "avg_prec": 770.042, "days_above_30": 15.689, "days_below_min_25": 32.247, "temp_delta": 0.9370000000000003}, "11": {"avg_temp": 3.224, "avg_prec": 1115.275, "days_above_30": 1.881, "days_below_min_25": 4.927, "temp_delta": 0.8240000000000003}, "12": {"avg_temp": 4.353, "avg_prec": 1342.229, "days_above_30": 4.232, "days_below_min_25": 10.328, "temp_delta": -0.14700000000000024}, "14": {"avg_temp": 3.997, "avg_prec": 1064.361, "days_above_30": 1064.361, "days_below_min_25": 26.757, "temp_delta": 0.3969999999999998}, "15": {"avg_temp": 4.312, "avg_prec": 996.396, "days_above_30": 13.758, "days_below_min_25": 25.154, "temp_delta": 1.112}, "16": {"avg_temp": 6.893, "avg_prec": 1204.201, "days_above_30": 18.834, "days_below_min_25": 6.562, "temp_delta": -0.20699999999999985}, "17": {"avg_temp": 5.684, "avg_prec": 1259.275, "days_above_30": 10.433, "days_below_min_25": 8.745, "temp_delta": -0.016000000000000014}}