{"0": {"avg_temp": 0.043, "temp_delta": 3.237}, "1": {"avg_temp": 4.042, "avg_prec": 1081.663, "days_above_30": 1.169, "days_below_min_25": 3.755, "temp_delta": 1.142}, "2": {"avg_temp": 1.819, "avg_prec": 670.669, "days_above_30": 1.069, "days_below_min_25": 27.527, "temp_delta": 2.1189999999999998}, "3": {"avg_temp": 3.508, "avg_prec": 1280.682, "days_above_30": 1.28, "days_below_min_25": 10.972, "temp_delta": 1.108}, "4": {"avg_temp": 3.875, "avg_prec": 1126.683, "days_above_30": 3.067, "days_below_min_25": 17.728, "temp_delta": 1.475}, "5": {"avg_temp": 6.239, "avg_prec": 1380.701, "days_above_30": 3.052, "days_below_min_25": 1.934, "temp_delta": 0.8389999999999995}, "6": {"avg_temp": 8.172, "avg_prec": 1325.656, "days_above_30": 8.545, "days_below_min_25": 0.0, "temp_delta": 0.8720000000000008}, "7": {"avg_temp": 5.474, "avg_prec": 1090.547, "days_above_30": 6.743, "days_below_min_25": 10.299, "temp_delta": 1.1740000000000004}, "8": {"avg_temp": 4.022, "avg_prec": 945.617, "days_above_30": 6.492, "days_below_min_25": 14.957, "temp_delta": 1.6220000000000003}, "11": {"avg_temp": 3.906, "avg_prec": 1062.843, "days_above_30": 0.671, "days_below_min_25": 1.299, "temp_delta": 1.5060000000000002}, "12": {"avg_temp": 5.396, "avg_prec": 1257.005, "days_above_30": 2.707, "days_below_min_25": 4.707, "temp_delta": 0.8959999999999999}, "14": {"avg_temp": 4.821, "avg_prec": 1267.303, "days_above_30": 1267.303, "days_below_min_25": 14.086, "temp_delta": 1.2209999999999996}, "15": {"avg_temp": 5.076, "avg_prec": 1234.364, "days_above_30": 4.621, "days_below_min_25": 13.544, "temp_delta": 1.8759999999999994}, "16": {"avg_temp": 7.858, "avg_prec": 1283.389, "days_above_30": 7.647, "days_below_min_25": 0.536, "temp_delta": 0.758}, "17": {"avg_temp": 6.819, "avg_prec": 1266.807, "days_above_30": 5.089, "days_below_min_25": 3.854, "temp_delta": 1.1189999999999998}}