{"0": {"avg_temp": -1.593, "temp_delta": 1.601}, "1": {"avg_temp": 2.925, "avg_prec": 1151.437, "days_above_30": 0.004, "days_below_min_25": 7.791, "temp_delta": 0.02499999999999991}, "2": {"avg_temp": 0.387, "avg_prec": 858.128, "days_above_30": 0.424, "days_below_min_25": 36.113, "temp_delta": 0.687}, "3": {"avg_temp": 2.094, "avg_prec": 1404.34, "days_above_30": 0.176, "days_below_min_25": 15.481, "temp_delta": -0.30600000000000005}, "4": {"avg_temp": 2.363, "avg_prec": 1119.384, "days_above_30": 0.815, "days_below_min_25": 22.294, "temp_delta": -0.03699999999999992}, "5": {"avg_temp": 5.075, "avg_prec": 1333.818, "days_above_30": 2.052, "days_below_min_25": 5.066, "temp_delta": -0.3250000000000002}, "6": {"avg_temp": 6.854, "avg_prec": 1068.862, "days_above_30": 6.818, "days_below_min_25": 1.091, "temp_delta": -0.44599999999999973}, "7": {"avg_temp": 4.083, "avg_prec": 1081.842, "days_above_30": 0.755, "days_below_min_25": 11.698, "temp_delta": -0.21699999999999964}, "8": {"avg_temp": 2.402, "avg_prec": 1005.17, "days_above_30": 0.001, "days_below_min_25": 20.574, "temp_delta": 0.002000000000000224}, "11": {"avg_temp": 2.666, "avg_prec": 1191.842, "days_above_30": 0.103, "days_below_min_25": 5.687, "temp_delta": 0.266}, "12": {"avg_temp": 3.985, "avg_prec": 1333.795, "days_above_30": 0.997, "days_below_min_25": 7.051, "temp_delta": -0.5150000000000001}, "14": {"avg_temp": 3.386, "avg_prec": 1227.824, "days_above_30": 1227.824, "days_below_min_25": 16.15, "temp_delta": -0.21399999999999997}, "15": {"avg_temp": 3.672, "avg_prec": 1197.252, "days_above_30": 0.874, "days_below_min_25": 14.524, "temp_delta": 0.472}, "16": {"avg_temp": 6.566, "avg_prec": 1130.738, "days_above_30": 6.094, "days_below_min_25": 4.047, "temp_delta": -0.5339999999999998}, "17": {"avg_temp": 5.407, "avg_prec": 1244.029, "days_above_30": 3.478, "days_below_min_25": 6.892, "temp_delta": -0.29300000000000015}}