{"0": {"avg_temp": -1.353, "temp_delta": 1.841}, "1": {"avg_temp": 3.343, "avg_prec": 1125.974, "days_above_30": 0.004, "days_below_min_25": 4.617, "temp_delta": 0.44300000000000006}, "2": {"avg_temp": 0.782, "avg_prec": 881.726, "days_above_30": 0.049, "days_below_min_25": 27.274, "temp_delta": 1.082}, "3": {"avg_temp": 2.842, "avg_prec": 1374.04, "days_above_30": 0.44, "days_below_min_25": 12.422, "temp_delta": 0.44200000000000017}, "4": {"avg_temp": 3.113, "avg_prec": 1063.39, "days_above_30": 1.483, "days_below_min_25": 20.182, "temp_delta": 0.7130000000000001}, "5": {"avg_temp": 5.792, "avg_prec": 1403.619, "days_above_30": 1.85, "days_below_min_25": 3.141, "temp_delta": 0.39199999999999946}, "6": {"avg_temp": 7.969, "avg_prec": 1153.102, "days_above_30": 12.773, "days_below_min_25": 1.0, "temp_delta": 0.6690000000000005}, "7": {"avg_temp": 5.061, "avg_prec": 933.917, "days_above_30": 6.16, "days_below_min_25": 10.263, "temp_delta": 0.7610000000000001}, "8": {"avg_temp": 3.196, "avg_prec": 851.357, "days_above_30": 3.122, "days_below_min_25": 19.389, "temp_delta": 0.7960000000000003}, "11": {"avg_temp": 3.125, "avg_prec": 1177.051, "days_above_30": 0.0, "days_below_min_25": 2.267, "temp_delta": 0.7250000000000001}, "12": {"avg_temp": 4.888, "avg_prec": 1366.892, "days_above_30": 1.121, "days_below_min_25": 3.118, "temp_delta": 0.3879999999999999}, "14": {"avg_temp": 4.371, "avg_prec": 1100.126, "days_above_30": 1100.126, "days_below_min_25": 11.925, "temp_delta": 0.7710000000000004}, "15": {"avg_temp": 4.633, "avg_prec": 1040.623, "days_above_30": 3.5, "days_below_min_25": 12.601, "temp_delta": 1.4329999999999998}, "16": {"avg_temp": 7.599, "avg_prec": 1249.481, "days_above_30": 12.4, "days_below_min_25": 1.97, "temp_delta": 0.49900000000000055}, "17": {"avg_temp": 6.393, "avg_prec": 1277.651, "days_above_30": 5.299, "days_below_min_25": 3.49, "temp_delta": 0.6929999999999996}}