{"0": {"avg_temp": -1.811, "temp_delta": 1.383}, "1": {"avg_temp": 2.962, "avg_prec": 988.047, "days_above_30": 1.765, "days_below_min_25": 6.416, "temp_delta": 0.06200000000000028}, "2": {"avg_temp": 0.502, "avg_prec": 896.188, "days_above_30": 1.161, "days_below_min_25": 29.05, "temp_delta": 0.802}, "3": {"avg_temp": 2.36, "avg_prec": 1145.45, "days_above_30": 1.802, "days_below_min_25": 14.995, "temp_delta": -0.040000000000000036}, "4": {"avg_temp": 2.519, "avg_prec": 993.473, "days_above_30": 3.286, "days_below_min_25": 21.699, "temp_delta": 0.11900000000000022}, "5": {"avg_temp": 5.209, "avg_prec": 1199.904, "days_above_30": 3.282, "days_below_min_25": 4.986, "temp_delta": -0.19100000000000072}, "6": {"avg_temp": 7.015, "avg_prec": 984.061, "days_above_30": 7.955, "days_below_min_25": 2.136, "temp_delta": -0.28500000000000014}, "7": {"avg_temp": 4.02, "avg_prec": 982.286, "days_above_30": 6.539, "days_below_min_25": 14.597, "temp_delta": -0.28000000000000025}, "8": {"avg_temp": 2.269, "avg_prec": 931.098, "days_above_30": 3.871, "days_below_min_25": 21.406, "temp_delta": -0.13099999999999978}, "11": {"avg_temp": 2.793, "avg_prec": 1053.638, "days_above_30": 1.815, "days_below_min_25": 4.059, "temp_delta": 0.39300000000000024}, "12": {"avg_temp": 4.376, "avg_prec": 1177.436, "days_above_30": 2.838, "days_below_min_25": 8.166, "temp_delta": -0.12399999999999967}, "14": {"avg_temp": 3.578, "avg_prec": 1035.062, "days_above_30": 1035.062, "days_below_min_25": 16.011, "temp_delta": -0.02200000000000024}, "15": {"avg_temp": 3.698, "avg_prec": 1038.091, "days_above_30": 4.145, "days_below_min_25": 15.848, "temp_delta": 0.4979999999999998}, "16": {"avg_temp": 6.777, "avg_prec": 1079.99, "days_above_30": 9.46, "days_below_min_25": 2.936, "temp_delta": -0.3229999999999995}, "17": {"avg_temp": 5.696, "avg_prec": 1127.674, "days_above_30": 5.65, "days_below_min_25": 6.567, "temp_delta": -0.004000000000000448}}