{"0": {"avg_temp": -1.361, "temp_delta": 1.833}, "1": {"avg_temp": 3.515, "avg_prec": 1072.553, "days_above_30": 2.022, "days_below_min_25": 6.577, "temp_delta": 0.6150000000000002}, "2": {"avg_temp": 0.675, "avg_prec": 1013.382, "days_above_30": 2.458, "days_below_min_25": 35.678, "temp_delta": 0.9750000000000001}, "3": {"avg_temp": 2.931, "avg_prec": 1236.064, "days_above_30": 1.633, "days_below_min_25": 15.875, "temp_delta": 0.5310000000000001}, "4": {"avg_temp": 2.841, "avg_prec": 1012.959, "days_above_30": 4.778, "days_below_min_25": 24.4, "temp_delta": 0.4410000000000003}, "5": {"avg_temp": 5.577, "avg_prec": 1195.797, "days_above_30": 4.061, "days_below_min_25": 6.143, "temp_delta": 0.1769999999999996}, "6": {"avg_temp": 7.615, "avg_prec": 1016.957, "days_above_30": 15.898, "days_below_min_25": 2.148, "temp_delta": 0.3150000000000004}, "7": {"avg_temp": 4.584, "avg_prec": 961.565, "days_above_30": 8.954, "days_below_min_25": 16.835, "temp_delta": 0.2839999999999998}, "8": {"avg_temp": 2.843, "avg_prec": 934.922, "days_above_30": 6.006, "days_below_min_25": 25.773, "temp_delta": 0.44300000000000006}, "11": {"avg_temp": 3.342, "avg_prec": 1110.472, "days_above_30": 0.654, "days_below_min_25": 3.645, "temp_delta": 0.9420000000000002}, "12": {"avg_temp": 4.847, "avg_prec": 1159.918, "days_above_30": 3.864, "days_below_min_25": 6.745, "temp_delta": 0.3470000000000004}, "14": {"avg_temp": 3.993, "avg_prec": 1049.966, "days_above_30": 1049.966, "days_below_min_25": 18.587, "temp_delta": 0.3929999999999998}, "15": {"avg_temp": 4.093, "avg_prec": 1045.158, "days_above_30": 6.115, "days_below_min_25": 19.565, "temp_delta": 0.8929999999999998}, "16": {"avg_temp": 7.302, "avg_prec": 1061.154, "days_above_30": 13.626, "days_below_min_25": 3.839, "temp_delta": 0.20199999999999996}, "17": {"avg_temp": 6.078, "avg_prec": 1118.618, "days_above_30": 8.612, "days_below_min_25": 7.089, "temp_delta": 0.3780000000000001}}