{"0": {"avg_temp": -1.307, "temp_delta": 1.887}, "1": {"avg_temp": 3.565, "avg_prec": 1074.286, "days_above_30": 2.1, "days_below_min_25": 6.384, "temp_delta": 0.665}, "2": {"avg_temp": 0.726, "avg_prec": 1015.213, "days_above_30": 2.543, "days_below_min_25": 35.372, "temp_delta": 1.026}, "3": {"avg_temp": 2.981, "avg_prec": 1237.889, "days_above_30": 1.686, "days_below_min_25": 15.628, "temp_delta": 0.581}, "4": {"avg_temp": 2.892, "avg_prec": 1014.544, "days_above_30": 4.94, "days_below_min_25": 24.122, "temp_delta": 0.492}, "5": {"avg_temp": 5.627, "avg_prec": 1197.378, "days_above_30": 4.235, "days_below_min_25": 5.988, "temp_delta": 0.22699999999999942}, "6": {"avg_temp": 7.665, "avg_prec": 1018.449, "days_above_30": 16.343, "days_below_min_25": 2.06, "temp_delta": 0.3650000000000002}, "7": {"avg_temp": 4.634, "avg_prec": 962.656, "days_above_30": 9.218, "days_below_min_25": 16.592, "temp_delta": 0.3340000000000005}, "8": {"avg_temp": 2.894, "avg_prec": 936.116, "days_above_30": 6.204, "days_below_min_25": 25.483, "temp_delta": 0.4940000000000002}, "11": {"avg_temp": 3.392, "avg_prec": 1112.28, "days_above_30": 0.685, "days_below_min_25": 3.494, "temp_delta": 0.992}, "12": {"avg_temp": 4.897, "avg_prec": 1161.753, "days_above_30": 4.017, "days_below_min_25": 6.575, "temp_delta": 0.39700000000000024}, "14": {"avg_temp": 4.044, "avg_prec": 1051.467, "days_above_30": 1051.467, "days_below_min_25": 18.341, "temp_delta": 0.4439999999999995}, "15": {"avg_temp": 4.144, "avg_prec": 1046.45, "days_above_30": 6.318, "days_below_min_25": 19.317, "temp_delta": 0.944}, "16": {"avg_temp": 7.352, "avg_prec": 1062.598, "days_above_30": 14.024, "days_below_min_25": 3.722, "temp_delta": 0.25200000000000067}, "17": {"avg_temp": 6.128, "avg_prec": 1120.318, "days_above_30": 8.901, "days_below_min_25": 6.93, "temp_delta": 0.42799999999999994}}