{"0": {"avg_temp": -1.196, "temp_delta": 1.998}, "1": {"avg_temp": 3.667, "avg_prec": 1077.811, "days_above_30": 2.271, "days_below_min_25": 6.004, "temp_delta": 0.7669999999999999}, "2": {"avg_temp": 0.83, "avg_prec": 1018.93, "days_above_30": 2.725, "days_below_min_25": 34.738, "temp_delta": 1.13}, "3": {"avg_temp": 3.084, "avg_prec": 1241.604, "days_above_30": 1.802, "days_below_min_25": 15.128, "temp_delta": 0.6840000000000002}, "4": {"avg_temp": 2.994, "avg_prec": 1017.774, "days_above_30": 5.283, "days_below_min_25": 23.553, "temp_delta": 0.5940000000000003}, "5": {"avg_temp": 5.728, "avg_prec": 1200.576, "days_above_30": 4.607, "days_below_min_25": 5.68, "temp_delta": 0.3279999999999994}, "6": {"avg_temp": 7.769, "avg_prec": 1021.469, "days_above_30": 17.262, "days_below_min_25": 1.888, "temp_delta": 0.4690000000000003}, "7": {"avg_temp": 4.738, "avg_prec": 964.88, "days_above_30": 9.768, "days_below_min_25": 16.101, "temp_delta": 0.4380000000000006}, "8": {"avg_temp": 2.998, "avg_prec": 938.536, "days_above_30": 6.62, "days_below_min_25": 24.892, "temp_delta": 0.5980000000000003}, "11": {"avg_temp": 3.494, "avg_prec": 1115.973, "days_above_30": 0.754, "days_below_min_25": 3.2, "temp_delta": 1.0940000000000003}, "12": {"avg_temp": 4.999, "avg_prec": 1165.464, "days_above_30": 4.343, "days_below_min_25": 6.235, "temp_delta": 0.49899999999999967}, "14": {"avg_temp": 4.147, "avg_prec": 1054.52, "days_above_30": 1054.52, "days_below_min_25": 17.84, "temp_delta": 0.5470000000000002}, "15": {"avg_temp": 4.248, "avg_prec": 1049.084, "days_above_30": 6.745, "days_below_min_25": 18.811, "temp_delta": 1.048}, "16": {"avg_temp": 7.456, "avg_prec": 1065.526, "days_above_30": 14.848, "days_below_min_25": 3.493, "temp_delta": 0.35600000000000076}, "17": {"avg_temp": 6.231, "avg_prec": 1123.76, "days_above_30": 9.507, "days_below_min_25": 6.611, "temp_delta": 0.5309999999999997}}