{"0": {"avg_temp": -1.139, "temp_delta": 2.0549999999999997}, "1": {"avg_temp": 3.719, "avg_prec": 1079.603, "days_above_30": 2.363, "days_below_min_25": 5.817, "temp_delta": 0.819}, "2": {"avg_temp": 0.883, "avg_prec": 1020.815, "days_above_30": 2.822, "days_below_min_25": 34.411, "temp_delta": 1.183}, "3": {"avg_temp": 3.136, "avg_prec": 1243.493, "days_above_30": 1.866, "days_below_min_25": 14.876, "temp_delta": 0.7360000000000002}, "4": {"avg_temp": 3.046, "avg_prec": 1019.417, "days_above_30": 5.464, "days_below_min_25": 23.262, "temp_delta": 0.6459999999999999}, "5": {"avg_temp": 5.779, "avg_prec": 1202.192, "days_above_30": 4.804, "days_below_min_25": 5.527, "temp_delta": 0.37899999999999956}, "6": {"avg_temp": 7.821, "avg_prec": 1022.997, "days_above_30": 17.737, "days_below_min_25": 1.804, "temp_delta": 0.5209999999999999}, "7": {"avg_temp": 4.79, "avg_prec": 966.013, "days_above_30": 10.055, "days_below_min_25": 15.852, "temp_delta": 0.4900000000000002}, "8": {"avg_temp": 3.051, "avg_prec": 939.763, "days_above_30": 6.837, "days_below_min_25": 24.591, "temp_delta": 0.6510000000000002}, "11": {"avg_temp": 3.546, "avg_prec": 1117.856, "days_above_30": 0.794, "days_below_min_25": 3.057, "temp_delta": 1.146}, "12": {"avg_temp": 5.051, "avg_prec": 1167.338, "days_above_30": 4.517, "days_below_min_25": 6.067, "temp_delta": 0.5510000000000002}, "14": {"avg_temp": 4.2, "avg_prec": 1056.072, "days_above_30": 1056.072, "days_below_min_25": 17.586, "temp_delta": 0.6000000000000001}, "15": {"avg_temp": 4.301, "avg_prec": 1050.426, "days_above_30": 6.97, "days_below_min_25": 18.554, "temp_delta": 1.101}, "16": {"avg_temp": 7.508, "avg_prec": 1067.01, "days_above_30": 15.275, "days_below_min_25": 3.38, "temp_delta": 0.40800000000000036}, "17": {"avg_temp": 6.283, "avg_prec": 1125.499, "days_above_30": 9.822, "days_below_min_25": 6.452, "temp_delta": 0.5830000000000002}}