{"0": {"avg_temp": -0.965, "temp_delta": 2.229}, "1": {"avg_temp": 3.879, "avg_prec": 1085.082, "days_above_30": 2.671, "days_below_min_25": 5.266, "temp_delta": 0.9790000000000001}, "2": {"avg_temp": 1.045, "avg_prec": 1026.561, "days_above_30": 3.136, "days_below_min_25": 33.39, "temp_delta": 1.345}, "3": {"avg_temp": 3.296, "avg_prec": 1249.273, "days_above_30": 2.083, "days_below_min_25": 14.113, "temp_delta": 0.8959999999999999}, "4": {"avg_temp": 3.206, "avg_prec": 1024.45, "days_above_30": 6.043, "days_below_min_25": 22.367, "temp_delta": 0.806}, "5": {"avg_temp": 5.937, "avg_prec": 1207.096, "days_above_30": 5.442, "days_below_min_25": 5.072, "temp_delta": 0.5369999999999999}, "6": {"avg_temp": 7.983, "avg_prec": 1027.644, "days_above_30": 19.223, "days_below_min_25": 1.563, "temp_delta": 0.6829999999999998}, "7": {"avg_temp": 4.952, "avg_prec": 969.491, "days_above_30": 10.964, "days_below_min_25": 15.096, "temp_delta": 0.6520000000000001}, "8": {"avg_temp": 3.214, "avg_prec": 943.502, "days_above_30": 7.529, "days_below_min_25": 23.667, "temp_delta": 0.8140000000000001}, "11": {"avg_temp": 3.707, "avg_prec": 1123.637, "days_above_30": 0.932, "days_below_min_25": 2.645, "temp_delta": 1.307}, "12": {"avg_temp": 5.21, "avg_prec": 1173.03, "days_above_30": 5.083, "days_below_min_25": 5.568, "temp_delta": 0.71}, "14": {"avg_temp": 4.362, "avg_prec": 1060.819, "days_above_30": 1060.819, "days_below_min_25": 16.809, "temp_delta": 0.762}, "15": {"avg_temp": 4.463, "avg_prec": 1054.547, "days_above_30": 7.689, "days_below_min_25": 17.766, "temp_delta": 1.263}, "16": {"avg_temp": 7.67, "avg_prec": 1071.53, "days_above_30": 16.618, "days_below_min_25": 3.049, "temp_delta": 0.5700000000000003}, "17": {"avg_temp": 6.443, "avg_prec": 1130.783, "days_above_30": 10.824, "days_below_min_25": 5.976, "temp_delta": 0.7429999999999994}}