{"0": {"avg_temp": -0.906, "temp_delta": 2.288}, "1": {"avg_temp": 3.934, "avg_prec": 1086.941, "days_above_30": 2.785, "days_below_min_25": 5.087, "temp_delta": 1.0340000000000003}, "2": {"avg_temp": 1.101, "avg_prec": 1028.503, "days_above_30": 3.249, "days_below_min_25": 33.037, "temp_delta": 1.401}, "3": {"avg_temp": 3.35, "avg_prec": 1251.236, "days_above_30": 2.163, "days_below_min_25": 13.856, "temp_delta": 0.9500000000000002}, "4": {"avg_temp": 3.261, "avg_prec": 1026.16, "days_above_30": 6.249, "days_below_min_25": 22.061, "temp_delta": 0.8610000000000002}, "5": {"avg_temp": 5.991, "avg_prec": 1208.749, "days_above_30": 5.671, "days_below_min_25": 4.922, "temp_delta": 0.5909999999999993}, "6": {"avg_temp": 8.038, "avg_prec": 1029.212, "days_above_30": 19.739, "days_below_min_25": 1.486, "temp_delta": 0.7380000000000004}, "7": {"avg_temp": 5.007, "avg_prec": 970.678, "days_above_30": 11.284, "days_below_min_25": 14.841, "temp_delta": 0.7069999999999999}, "8": {"avg_temp": 3.269, "avg_prec": 944.768, "days_above_30": 7.772, "days_below_min_25": 23.352, "temp_delta": 0.8690000000000002}, "11": {"avg_temp": 3.761, "avg_prec": 1125.605, "days_above_30": 0.985, "days_below_min_25": 2.513, "temp_delta": 1.3610000000000002}, "12": {"avg_temp": 5.265, "avg_prec": 1174.947, "days_above_30": 5.287, "days_below_min_25": 5.404, "temp_delta": 0.7649999999999997}, "14": {"avg_temp": 4.417, "avg_prec": 1062.431, "days_above_30": 1062.431, "days_below_min_25": 16.546, "temp_delta": 0.8169999999999997}, "15": {"avg_temp": 4.518, "avg_prec": 1055.952, "days_above_30": 7.945, "days_below_min_25": 17.498, "temp_delta": 1.3179999999999996}, "16": {"avg_temp": 7.725, "avg_prec": 1073.059, "days_above_30": 17.086, "days_below_min_25": 2.942, "temp_delta": 0.625}, "17": {"avg_temp": 6.498, "avg_prec": 1132.563, "days_above_30": 11.176, "days_below_min_25": 5.819, "temp_delta": 0.798}}