{"0": {"avg_temp": -0.845, "temp_delta": 2.349}, "1": {"avg_temp": 3.989, "avg_prec": 1088.814, "days_above_30": 2.904, "days_below_min_25": 4.91, "temp_delta": 1.089}, "2": {"avg_temp": 1.157, "avg_prec": 1030.458, "days_above_30": 3.367, "days_below_min_25": 32.678, "temp_delta": 1.457}, "3": {"avg_temp": 3.405, "avg_prec": 1253.216, "days_above_30": 2.248, "days_below_min_25": 13.598, "temp_delta": 1.005}, "4": {"avg_temp": 3.316, "avg_prec": 1027.884, "days_above_30": 6.461, "days_below_min_25": 21.752, "temp_delta": 0.9159999999999999}, "5": {"avg_temp": 6.045, "avg_prec": 1210.408, "days_above_30": 5.908, "days_below_min_25": 4.774, "temp_delta": 0.6449999999999996}, "6": {"avg_temp": 8.094, "avg_prec": 1030.789, "days_above_30": 20.265, "days_below_min_25": 1.41, "temp_delta": 0.7939999999999996}, "7": {"avg_temp": 5.063, "avg_prec": 971.877, "days_above_30": 11.611, "days_below_min_25": 14.585, "temp_delta": 0.7629999999999999}, "8": {"avg_temp": 3.326, "avg_prec": 946.042, "days_above_30": 8.023, "days_below_min_25": 23.033, "temp_delta": 0.9260000000000002}, "11": {"avg_temp": 3.816, "avg_prec": 1127.592, "days_above_30": 1.041, "days_below_min_25": 2.385, "temp_delta": 1.416}, "12": {"avg_temp": 5.32, "avg_prec": 1176.873, "days_above_30": 5.5, "days_below_min_25": 5.241, "temp_delta": 0.8200000000000003}, "14": {"avg_temp": 4.472, "avg_prec": 1064.056, "days_above_30": 1064.056, "days_below_min_25": 16.281, "temp_delta": 0.8720000000000003}, "15": {"avg_temp": 4.574, "avg_prec": 1057.373, "days_above_30": 8.208, "days_below_min_25": 17.227, "temp_delta": 1.3739999999999997}, "16": {"avg_temp": 7.78, "avg_prec": 1074.597, "days_above_30": 17.564, "days_below_min_25": 2.836, "temp_delta": 0.6800000000000006}, "17": {"avg_temp": 6.553, "avg_prec": 1134.352, "days_above_30": 11.538, "days_below_min_25": 5.662, "temp_delta": 0.8529999999999998}}