{"0": {"avg_temp": -0.785, "temp_delta": 2.409}, "1": {"avg_temp": 4.045, "avg_prec": 1090.701, "days_above_30": 3.028, "days_below_min_25": 4.735, "temp_delta": 1.145}, "2": {"avg_temp": 1.214, "avg_prec": 1032.424, "days_above_30": 3.489, "days_below_min_25": 32.312, "temp_delta": 1.514}, "3": {"avg_temp": 3.461, "avg_prec": 1255.213, "days_above_30": 2.338, "days_below_min_25": 13.34, "temp_delta": 1.061}, "4": {"avg_temp": 3.372, "avg_prec": 1029.622, "days_above_30": 6.681, "days_below_min_25": 21.439, "temp_delta": 0.972}, "5": {"avg_temp": 6.1, "avg_prec": 1212.074, "days_above_30": 6.154, "days_below_min_25": 4.626, "temp_delta": 0.6999999999999993}, "6": {"avg_temp": 8.15, "avg_prec": 1032.375, "days_above_30": 20.801, "days_below_min_25": 1.337, "temp_delta": 0.8500000000000005}, "7": {"avg_temp": 5.119, "avg_prec": 973.09, "days_above_30": 11.948, "days_below_min_25": 14.327, "temp_delta": 0.819}, "8": {"avg_temp": 3.383, "avg_prec": 947.324, "days_above_30": 8.281, "days_below_min_25": 22.712, "temp_delta": 0.9830000000000001}, "11": {"avg_temp": 3.872, "avg_prec": 1129.596, "days_above_30": 1.102, "days_below_min_25": 2.26, "temp_delta": 1.472}, "12": {"avg_temp": 5.375, "avg_prec": 1178.805, "days_above_30": 5.72, "days_below_min_25": 5.08, "temp_delta": 0.875}, "14": {"avg_temp": 4.529, "avg_prec": 1065.694, "days_above_30": 1065.694, "days_below_min_25": 16.015, "temp_delta": 0.9289999999999998}, "15": {"avg_temp": 4.631, "avg_prec": 1058.807, "days_above_30": 8.48, "days_below_min_25": 16.955, "temp_delta": 1.431}, "16": {"avg_temp": 7.836, "avg_prec": 1076.145, "days_above_30": 18.052, "days_below_min_25": 2.732, "temp_delta": 0.7360000000000007}, "17": {"avg_temp": 6.609, "avg_prec": 1136.148, "days_above_30": 11.909, "days_below_min_25": 5.506, "temp_delta": 0.9089999999999998}}