{"0": {"avg_temp": -0.599, "temp_delta": 2.5949999999999998}, "1": {"avg_temp": 4.216, "avg_prec": 1096.436, "days_above_30": 3.439, "days_below_min_25": 4.227, "temp_delta": 1.3160000000000003}, "2": {"avg_temp": 1.388, "avg_prec": 1038.377, "days_above_30": 3.882, "days_below_min_25": 31.178, "temp_delta": 1.688}, "3": {"avg_temp": 3.632, "avg_prec": 1261.291, "days_above_30": 2.636, "days_below_min_25": 12.56, "temp_delta": 1.2320000000000002}, "4": {"avg_temp": 3.544, "avg_prec": 1034.911, "days_above_30": 7.379, "days_below_min_25": 20.481, "temp_delta": 1.1440000000000001}, "5": {"avg_temp": 6.268, "avg_prec": 1217.107, "days_above_30": 6.944, "days_below_min_25": 4.19, "temp_delta": 0.8679999999999994}, "6": {"avg_temp": 8.322, "avg_prec": 1037.177, "days_above_30": 22.471, "days_below_min_25": 1.128, "temp_delta": 1.0219999999999994}, "7": {"avg_temp": 5.292, "avg_prec": 976.805, "days_above_30": 13.008, "days_below_min_25": 13.547, "temp_delta": 0.992}, "8": {"avg_temp": 3.557, "avg_prec": 951.219, "days_above_30": 9.097, "days_below_min_25": 21.73, "temp_delta": 1.157}, "11": {"avg_temp": 4.043, "avg_prec": 1135.704, "days_above_30": 1.306, "days_below_min_25": 1.905, "temp_delta": 1.6430000000000002}, "12": {"avg_temp": 5.545, "avg_prec": 1184.639, "days_above_30": 6.431, "days_below_min_25": 4.606, "temp_delta": 1.045}, "14": {"avg_temp": 4.702, "avg_prec": 1070.681, "days_above_30": 1070.681, "days_below_min_25": 15.203, "temp_delta": 1.1019999999999999}, "15": {"avg_temp": 4.804, "avg_prec": 1063.198, "days_above_30": 9.345, "days_below_min_25": 16.124, "temp_delta": 1.604}, "16": {"avg_temp": 8.008, "avg_prec": 1080.84, "days_above_30": 19.579, "days_below_min_25": 2.43, "temp_delta": 0.9079999999999995}, "17": {"avg_temp": 6.78, "avg_prec": 1141.571, "days_above_30": 13.081, "days_below_min_25": 5.042, "temp_delta": 1.08}}