{"0": {"avg_temp": -0.208, "temp_delta": 2.9859999999999998}, "1": {"avg_temp": 4.574, "avg_prec": 1108.163, "days_above_30": 4.434, "days_below_min_25": 3.286, "temp_delta": 1.674}, "2": {"avg_temp": 1.753, "avg_prec": 1050.447, "days_above_30": 4.801, "days_below_min_25": 28.755, "temp_delta": 2.053}, "3": {"avg_temp": 3.99, "avg_prec": 1273.79, "days_above_30": 3.373, "days_below_min_25": 10.991, "temp_delta": 1.5900000000000003}, "4": {"avg_temp": 3.905, "avg_prec": 1045.758, "days_above_30": 8.968, "days_below_min_25": 18.486, "temp_delta": 1.505}, "5": {"avg_temp": 6.619, "avg_prec": 1227.264, "days_above_30": 8.774, "days_below_min_25": 3.36, "temp_delta": 1.2189999999999994}, "6": {"avg_temp": 8.681, "avg_prec": 1046.935, "days_above_30": 26.09, "days_below_min_25": 0.763, "temp_delta": 1.3809999999999993}, "7": {"avg_temp": 5.652, "avg_prec": 984.572, "days_above_30": 15.368, "days_below_min_25": 11.966, "temp_delta": 1.3520000000000003}, "8": {"avg_temp": 3.924, "avg_prec": 959.185, "days_above_30": 10.928, "days_below_min_25": 19.694, "temp_delta": 1.524}, "11": {"avg_temp": 4.4, "avg_prec": 1148.254, "days_above_30": 1.831, "days_below_min_25": 1.288, "temp_delta": 2.0000000000000004}, "12": {"avg_temp": 5.9, "avg_prec": 1196.389, "days_above_30": 8.096, "days_below_min_25": 3.705, "temp_delta": 1.4000000000000004}, "14": {"avg_temp": 5.063, "avg_prec": 1080.927, "days_above_30": 1080.927, "days_below_min_25": 13.543, "temp_delta": 1.4629999999999996}, "15": {"avg_temp": 5.166, "avg_prec": 1072.338, "days_above_30": 11.312, "days_below_min_25": 14.412, "temp_delta": 1.9660000000000002}, "16": {"avg_temp": 8.367, "avg_prec": 1090.412, "days_above_30": 22.918, "days_below_min_25": 1.877, "temp_delta": 1.2670000000000012}, "17": {"avg_temp": 7.138, "avg_prec": 1152.505, "days_above_30": 15.695, "days_below_min_25": 4.143, "temp_delta": 1.4379999999999997}}