{"0": {"avg_temp": 0.9, "temp_delta": 4.094}, "1": {"avg_temp": 5.6, "temp_delta": 2.6999999999999997}, "2": {"avg_temp": 2.8, "temp_delta": 3.0999999999999996}, "3": {"avg_temp": 4.3, "temp_delta": 1.9}, "4": {"avg_temp": 4.9, "temp_delta": 2.5000000000000004}, "5": {"avg_temp": 7.6, "temp_delta": 2.1999999999999993}, "6": {"avg_temp": 9.7, "temp_delta": 2.3999999999999995}, "7": {"avg_temp": 6.6, "temp_delta": 2.3}, "8": {"avg_temp": 4.9, "temp_delta": 2.5000000000000004}, "11": {"avg_temp": 5.4, "temp_delta": 3.0000000000000004}, "12": {"avg_temp": 6.9, "temp_delta": 2.4000000000000004}, "14": {"avg_temp": 6.1, "temp_delta": 2.4999999999999996}, "15": {"avg_temp": 6.2, "temp_delta": 3.0}, "16": {"avg_temp": 9.3, "temp_delta": 2.200000000000001}, "17": {"avg_temp": 8.1, "temp_delta": 2.3999999999999995}}